{
  "features": [
    "ax_mean",
    "ax_std",
    "ax_min",
    "ax_max",
    "ax_rms",
    "ay_mean",
    "ay_std",
    "ay_min",
    "ay_max",
    "ay_rms",
    "az_mean",
    "az_std",
    "az_min",
    "az_max",
    "az_rms",
    "gx_mean",
    "gx_std",
    "gx_min",
    "gx_max",
    "gx_rms",
    "gy_mean",
    "gy_std",
    "gy_min",
    "gy_max",
    "gy_rms",
    "gz_mean",
    "gz_std",
    "gz_min",
    "gz_max",
    "gz_rms",
    "sma_accel",
    "sma_gyro"
  ],
  "importances": [
    0.025576229953275242,
    0.09401842166194277,
    0.06819125257141276,
    0.07702790118699358,
    0.031593196102015754,
    0.03432929164904644,
    0.185684150350164,
    0.03810379842707877,
    0.04857647336500463,
    0.0674874453914148,
    0.04349567744361093,
    0.08613603739175053,
    0.06572581694505719,
    0.04186386465736467,
    0.02601963167860486,
    0.0017221283555240257,
    0.00189218187829687,
    0.0007751082100252673,
    0.0005102948925564511,
    0.0009117285995177817,
    0.0013852905334560933,
    0.008057824467376878,
    0.0008754309464868642,
    0.0012924943475175873,
    0.00044866368255195194,
    0.0013496838996249752,
    0.007347195264412844,
    0.0017077264708648845,
    0.0008164623113463635,
    0.0018460031772790466,
    0.031083299915925094,
    0.004149294272500073
  ],
  "sorted_indices": [
    6,
    1,
    11,
    3,
    2,
    9,
    12,
    8,
    10,
    13,
    7,
    5,
    4,
    30,
    14,
    0,
    21,
    26,
    31,
    16,
    29,
    15,
    27,
    20,
    25,
    23,
    19,
    22,
    28,
    17,
    18,
    24
  ]
}