{
  "mean": [
    -3.8689801827572725,
    0.08551070184245803,
    -0.13669848471095633,
    -5.576874778906774,
    5.6856348574865345,
    -15.571534484255737
  ],
  "std": [
    0.011221171185029582,
    0.6942248388900939,
    0.6692006250976367,
    1150.2932538233658,
    1162.4167675872466,
    1150.0351655478512
  ]
}