{
  "accuracy": [
    0.6417672038078308,
    0.7764037251472473,
    0.8454173803329468,
    0.8907948732376099,
    0.9087463617324829,
    0.9241049289703369,
    0.9253016710281372,
    0.9336790442466736,
    0.9362720847129822,
    0.9471427202224731,
    0.9477410912513733,
    0.9501346349716187,
    0.9532262682914734,
    0.9499351978302002,
    0.9575147032737732,
    0.9592101573944092,
    0.9609055519104004,
    0.9588112235069275,
    0.9632990956306458,
    0.9636980295181274,
    0.9662910103797913,
    0.964495837688446,
    0.971078097820282,
    0.9670888781547546,
    0.9682856202125549,
    0.9725740551948547,
    0.9717761874198914,
    0.9745686650276184,
    0.9727734923362732,
    0.9716764688491821,
    0.9745686650276184,
    0.9692829251289368,
    0.9755659699440002,
    0.9765632748603821,
    0.9820484519004822,
    0.9842425584793091,
    0.9849406480789185,
    0.9858382344245911,
    0.9848409295082092,
    0.9829460382461548,
    0.9865363240242004,
    0.9817492961883545,
    0.987533688545227,
    0.9884312152862549,
    0.9868355393409729,
    0.9894285202026367,
    0.9894285202026367,
    0.9886307120323181,
    0.9905256032943726,
    0.9912236928939819
  ],
  "loss": [
    0.8200275301933289,
    0.5250651836395264,
    0.4015656113624573,
    0.3220518231391907,
    0.2687622904777527,
    0.23598289489746094,
    0.2303529977798462,
    0.19625800848007202,
    0.19264136254787445,
    0.1678551584482193,
    0.16641034185886383,
    0.14637316763401031,
    0.14406423270702362,
    0.14442691206932068,
    0.12843303382396698,
    0.11282069981098175,
    0.12182449549436569,
    0.11669664084911346,
    0.10757805407047272,
    0.10636278241872787,
    0.0898578017950058,
    0.09681575745344162,
    0.08371637761592865,
    0.09412051737308502,
    0.09679432213306427,
    0.07287862151861191,
    0.08177193999290466,
    0.06875865906476974,
    0.07774215191602707,
    0.07826288789510727,
    0.06962589919567108,
    0.08410746604204178,
    0.06904531270265579,
    0.06629187613725662,
    0.04931154102087021,
    0.04273069277405739,
    0.04232987016439438,
    0.04091918468475342,
    0.04317162185907364,
    0.04428549110889435,
    0.03903666511178017,
    0.04892118647694588,
    0.0327388271689415,
    0.03469086438417435,
    0.030599649995565414,
    0.02916077710688114,
    0.027720484882593155,
    0.030494173988699913,
    0.025092072784900665,
    0.026232793927192688
  ],
  "val_accuracy": [
    0.7553672194480896,
    0.8813559412956238,
    0.9192090630531311,
    0.9418079257011414,
    0.9559321999549866,
    0.9536722898483276,
    0.9581921100616455,
    0.9638417959213257,
    0.9587570428848267,
    0.9677966237068176,
    0.9576271176338196,
    0.9649717807769775,
    0.9666666388511658,
    0.9559321999549866,
    0.9649717807769775,
    0.9694915413856506,
    0.9700564742088318,
    0.9689265489578247,
    0.9615819454193115,
    0.9655367136001587,
    0.9666666388511658,
    0.9740113019943237,
    0.9717513918876648,
    0.9661017060279846,
    0.9706214666366577,
    0.9711864590644836,
    0.9711864590644836,
    0.9694915413856506,
    0.9751412272453308,
    0.9711864590644836,
    0.9700564742088318,
    0.9734463095664978,
    0.9745762944221497,
    0.9740113019943237,
    0.9768361449241638,
    0.9745762944221497,
    0.9740113019943237,
    0.9757062196731567,
    0.9745762944221497,
    0.9734463095664978,
    0.9757062196731567,
    0.9740113019943237,
    0.9740113019943237,
    0.9757062196731567,
    0.9745762944221497,
    0.9757062196731567,
    0.9768361449241638,
    0.9734463095664978,
    0.9757062196731567,
    0.9751412272453308
  ],
  "val_loss": [
    0.5612993240356445,
    0.36024829745292664,
    0.24210113286972046,
    0.17536169290542603,
    0.13853788375854492,
    0.14109373092651367,
    0.1333591490983963,
    0.11990223824977875,
    0.13369502127170563,
    0.11310085654258728,
    0.13150180876255035,
    0.11462362110614777,
    0.11534552276134491,
    0.12534350156784058,
    0.12243140488862991,
    0.10642067342996597,
    0.09852749854326248,
    0.10455570369958878,
    0.13447117805480957,
    0.11480147391557693,
    0.11297612637281418,
    0.10477139055728912,
    0.0928390696644783,
    0.12003296613693237,
    0.09267238527536392,
    0.10500572621822357,
    0.08317969739437103,
    0.11157791316509247,
    0.09484180808067322,
    0.1136385127902031,
    0.11497706919908524,
    0.09669861942529678,
    0.09219726920127869,
    0.09259605407714844,
    0.07944437861442566,
    0.08643214404582977,
    0.09593821316957474,
    0.09163924306631088,
    0.09654901921749115,
    0.1019296869635582,
    0.09455541521310806,
    0.09127945452928543,
    0.08971066772937775,
    0.08747442811727524,
    0.0922144427895546,
    0.09289294481277466,
    0.09184753894805908,
    0.09860163927078247,
    0.09615100920200348,
    0.10017020255327225
  ],
  "learning_rate": [
    0.0010000000474974513,
    0.0010000000474974513,
    0.0010000000474974513,
    0.0010000000474974513,
    0.0010000000474974513,
    0.0010000000474974513,
    0.0010000000474974513,
    0.0010000000474974513,
    0.0010000000474974513,
    0.0010000000474974513,
    0.0010000000474974513,
    0.0010000000474974513,
    0.0010000000474974513,
    0.0010000000474974513,
    0.0010000000474974513,
    0.0010000000474974513,
    0.0010000000474974513,
    0.0010000000474974513,
    0.0010000000474974513,
    0.0010000000474974513,
    0.0010000000474974513,
    0.0010000000474974513,
    0.0010000000474974513,
    0.0010000000474974513,
    0.0010000000474974513,
    0.0010000000474974513,
    0.0010000000474974513,
    0.0010000000474974513,
    0.0010000000474974513,
    0.0010000000474974513,
    0.0010000000474974513,
    0.0010000000474974513,
    0.0010000000474974513,
    0.0010000000474974513,
    0.0005000000237487257,
    0.0005000000237487257,
    0.0005000000237487257,
    0.0005000000237487257,
    0.0005000000237487257,
    0.0005000000237487257,
    0.0005000000237487257,
    0.0005000000237487257,
    0.0002500000118743628,
    0.0002500000118743628,
    0.0002500000118743628,
    0.0002500000118743628,
    0.0002500000118743628,
    0.0002500000118743628,
    0.0002500000118743628,
    0.0001250000059371814
  ]
}