{
  "feature_names": [
    "ax_mean",
    "ax_std",
    "ax_min",
    "ax_max",
    "ax_rms",
    "ay_mean",
    "ay_std",
    "ay_min",
    "ay_max",
    "ay_rms",
    "az_mean",
    "az_std",
    "az_min",
    "az_max",
    "az_rms",
    "gx_mean",
    "gx_std",
    "gx_min",
    "gx_max",
    "gx_rms",
    "gy_mean",
    "gy_std",
    "gy_min",
    "gy_max",
    "gy_rms",
    "gz_mean",
    "gz_std",
    "gz_min",
    "gz_max",
    "gz_rms",
    "sma_accel",
    "sma_gyro"
  ],
  "mean": [
    -3.868980125592929,
    0.0035592503620433236,
    -3.872884970547326,
    -3.8611803041256305,
    3.8689919731440305,
    0.08551070207188256,
    0.4157219495429671,
    -0.6398134736847598,
    0.843401725232506,
    0.5660639373020212,
    -0.13669848497558826,
    0.24052130757602422,
    -0.5924239556213838,
    0.29823230296576564,
    0.5500359793075772,
    -5.57686665280353,
    1119.334615371657,
    -1934.6513901606174,
    1931.4919419359492,
    1143.682471904106,
    5.6856356100185295,
    1107.2414548384463,
    -1913.0937489847238,
    1925.2104118736552,
    1152.1496344087273,
    -15.571534304207237,
    1104.9059100182924,
    -1925.4688931020435,
    1904.5819711138413,
    1140.8866595242284,
    4.852089587672229,
    2997.6594968913523
  ],
  "std": [
    0.005937069800306715,
    0.00883161365802583,
    0.004241753461394953,
    0.07667302881547326,
    0.005880992885811689,
    0.37955395781515655,
    0.40627845173174393,
    0.878487685243557,
    0.8312812740192931,
    0.4108915012323045,
    0.5719264542580579,
    0.25075707068812864,
    0.8902961051253631,
    0.6271873493266156,
    0.4049399628911779,
    217.30684399772426,
    151.79698687278287,
    170.79576221273197,
    206.10242623225048,
    123.27235261027124,
    296.82143290588925,
    192.68144260038784,
    279.9641640468334,
    206.08912218454597,
    154.26045640100966,
    257.9051885955486,
    187.74643534542247,
    202.94767813011413,
    320.62763694356187,
    145.60558614122374,
    0.5629697743496651,
    267.2738392340411
  ]
}